0,384.61538461538464
10,-16.53846153846154
20,581.1538461538462
30,1771.1538461538457
40,463.84615384615375
50,1797.6923076923074
60,1542.3076923076922
70,1682.3076923076924
80,482.69230769230774
90,1588.0769230769229
100,705.7692307692306
110,1619.9999999999998
120,573.0769230769229
130,654.9999999999998
140,521.153846153846
150,1693.8461538461534
160,1783.461538461538
170,449.23076923076906
180,667.307692307692
190,662.6923076923077
200,203.846153846154
210,520.7692307692308
220,423.0769230769229
230,508.07692307692304
240,453.07692307692275
250,565.7692307692306
260,483.846153846154
270,1727.692307692308
280,490.38461538461524
290,1868.0769230769226
300,588.4615384615381
310,655.0
320,1726.1538461538462
330,933.0769230769229
340,130.3846153846154
350,393.4615384615384
360,639.230769230769
370,1805.7692307692305
380,712.6923076923078
390,547.6923076923076
400,279.2307692307693
410,558.4615384615385
420,480.3846153846151
430,1723.8461538461534
440,-57.30769230769227
450,1678.0769230769229
460,625.7692307692305
470,266.92307692307696
480,1698.8461538461538
490,771.1538461538457
500,463.0769230769231
510,625.7692307692306
520,1618.0769230769229
530,1428.4615384615383
540,479.23076923076894
550,1762.3076923076922
560,224.23076923076925
570,753.0769230769231
580,658.8461538461536
590,111.15384615384616
600,646.5384615384613
610,1696.5384615384614
620,469.99999999999994
630,1658.4615384615386
640,436.9230769230768
650,642.307692307692
660,1623.8461538461538
670,1838.461538461538
680,1873.8461538461538
690,496.53846153846155
700,1548.0769230769229
710,415.00000000000006
720,786.5384615384612
730,584.6153846153845
740,599.6153846153845
750,553.4615384615381
760,710.3846153846152
770,704.6153846153845
780,593.0769230769229
790,1808.0769230769229
800,533.8461538461538
810,1760.7692307692305
820,515.7692307692306
830,1879.6153846153845
840,821.153846153846
850,654.2307692307693
860,1580.7692307692307
870,409.23076923076917
880,307.3076923076922
890,271.9230769230769
900,368.84615384615404
910,605.0000000000002
920,1876.153846153846
930,1753.076923076923
940,1754.6153846153848
950,729.6153846153845
960,1689.230769230769
970,384.99999999999994
980,686.1538461538458
990,843.461538461538
1000,1708.0769230769229
1010,695.3846153846152
1020,438.0769230769231
1030,533.0769230769231
1040,1669.6153846153845
1050,367.3076923076924
1060,1819.6153846153843
1070,519.2307692307692
1080,140.7692307692308
1090,1863.8461538461534
1100,544.2307692307688
1110,1743.0769230769229
1120,698.8461538461536
1130,1776.9230769230767
1140,736.9230769230767
1150,1673.0769230769229
1160,639.6153846153845
1170,734.6153846153844
1180,1836.1538461538457
1190,1811.1538461538457
1200,1780.0
1210,625.7692307692306
1220,1658.8461538461538
1230,1567.3076923076924
1240,220.76923076923072
1250,454.9999999999999
1260,721.538461538461
1270,290.38461538461553
1280,1656.538461538461
1290,496.92307692307696
1300,1978.461538461538
1310,517.3076923076923
1320,523.0769230769231
1330,168.84615384615387
1340,511.9230769230768
1350,626.5384615384613
1360,1559.6153846153845
1370,1643.8461538461536
1380,507.69230769230785
1390,1902.3076923076924
1400,364.61538461538476
1410,1741.538461538461
1420,547.6923076923075
1430,468.0769230769229
1440,617.307692307692
1450,399.230769230769
1460,462.307692307692
1470,377.30769230769226
1480,1886.9230769230765
1490,1858.8461538461534
1500,757.307692307692
1510,1690.769230769231
1520,502.69230769230757
1530,1780.3846153846152
1540,514.2307692307693
1550,569.9999999999999
1560,1579.6153846153845
1570,476.9230769230769
1580,572.6923076923076
1590,1648.0769230769229
1600,1664.2307692307695
1610,1765.0
1620,1610.0
1630,1567.6923076923076
1640,856.9230769230768
1650,1810.0
1660,339.61538461538476
1670,154.61538461538464
1680,458.84615384615375
1690,1721.5384615384617
1700,1023.0769230769228
1710,393.07692307692304
1720,291.53846153846155
1730,600.3846153846154
1740,423.0769230769231
1750,1687.6923076923076
1760,111.15384615384622
1770,708.4615384615381
1780,434.9999999999998
1790,373.4615384615385
1800,1766.923076923077
1810,150.76923076923086
1820,310.0
1830,219.61538461538464
1840,1978.8461538461538
1850,832.6923076923074
1860,709.9999999999998
1870,815.3846153846151
1880,384.99999999999994
1890,526.153846153846
1900,1871.9230769230767
1910,1756.9230769230767
1920,1714.9999999999998
1930,531.9230769230769
1940,405.3846153846154
1950,623.846153846154
1960,738.8461538461536
1970,456.15384615384613
1980,749.6153846153844
1990,580.769230769231
2000,421.5384615384617
2010,851.1538461538456
2020,1740.384615384615
2030,1729.6153846153843
2040,320.0
2050,1844.9999999999995
2060,776.5384615384615
2070,-44.61538461538463
2080,1603.8461538461538
2090,202.30769230769235
2100,63.07692307692308
2110,283.46153846153834
2120,1774.2307692307688
2130,350.3846153846153
2140,416.9230769230771
2150,131.1538461538462
2160,614.6153846153846
2170,1671.9230769230767
2180,693.0769230769224
2190,335.7692307692308
2200,612.6923076923074
2210,464.61538461538447
2220,703.0769230769228
2230,1555.769230769231
2240,576.153846153846
2250,1626.1538461538462
2260,607.3076923076923
2270,1780.7692307692305
2280,1876.153846153846
2290,1529.230769230769
2300,554.6153846153846
2310,245.0000000000001
2320,722.3076923076924
2330,1770.7692307692305
2340,1736.5384615384614
2350,1823.4615384615386
2360,466.5384615384615
2370,273.4615384615384
2380,1895.7692307692303
2390,424.6153846153847
2400,558.076923076923
2410,482.3076923076922
2420,426.1538461538461
2430,1825.0
2440,616.1538461538462
2450,533.4615384615383
2460,783.8461538461536
2470,371.92307692307696
2480,411.9230769230768
2490,683.0769230769229
2500,256.9230769230768
2510,1904.6153846153843
2520,915.7692307692307
2530,1790.3846153846152
2540,280.38461538461536
2550,1663.4615384615386
2560,1769.6153846153848
2570,252.69230769230782
2580,683.8461538461537
2590,735.3846153846154
2600,119.23076923076924
2610,526.1538461538462
2620,1616.923076923077
2630,1749.9999999999998
2640,549.9999999999997
2650,1769.9999999999995
2660,301.923076923077
2670,1710.3846153846152
2680,1882.307692307692
2690,1946.5384615384614
2700,84.61538461538466
2710,1576.5384615384617
2720,10.384615384615397
2730,596.5384615384613
2740,588.4615384615383
2750,418.84615384615387
2760,767.6923076923077
2770,356.5384615384616
2780,276.15384615384625
2790,319.2307692307692
2800,691.1538461538457
2810,404.9999999999999
2820,555.3846153846152
2830,759.6153846153845
2840,1034.2307692307688
2850,1625.0
2860,1706.5384615384614
2870,1649.6153846153843
2880,525.769230769231
2890,285.0000000000001
2900,1495.769230769231
2910,767.307692307692
2920,257.3076923076924
2930,124.23076923076925
2940,391.53846153846155
2950,1849.6153846153843
2960,1777.3076923076924
2970,844.2307692307693
2980,311.53846153846143
2990,1799.230769230769
3000,1517.3076923076924
3010,289.61538461538476
3020,1583.8461538461538
3030,561.9230769230769
3040,1607.6923076923072
3050,118.84615384615387
3060,549.6153846153844
3070,264.23076923076934
3080,1657.6923076923072
3090,540.3846153846148
3100,1655.3846153846152
3110,433.4615384615385
3120,1723.4615384615386
3130,845.3846153846154
3140,341.1538461538462
3150,602.6923076923072
3160,781.1538461538458
3170,645.0000000000001
3180,624.2307692307688
3190,611.9230769230768
3200,742.307692307692
3210,362.3076923076923
3220,265.00000000000006
3230,1907.307692307692
3240,383.84615384615387
3250,126.92307692307692
3260,326.9230769230769
3270,1640.3846153846152
3280,661.5384615384614
3290,789.6153846153845
3300,691.1538461538461
3310,608.4615384615382
3320,713.076923076923
3330,1701.1538461538457
3340,705.3846153846151
3350,1676.1538461538462
3360,1679.6153846153848
3370,541.5384615384614
3380,1665.384615384615
3390,1759.6153846153843
3400,551.5384615384615
3410,226.15384615384627
3420,589.6153846153844
3430,218.07692307692312
3440,390.0
3450,1705.0
3460,62.69230769230769
3470,815.7692307692301
3480,394.6153846153845
3490,1668.8461538461538
3500,1813.076923076923
3510,1662.6923076923072
3520,472.6923076923077
3530,88.46153846153848
3540,342.69230769230774
3550,348.0769230769231
3560,561.5384615384612
3570,1677.6923076923076
3580,449.61538461538464
3590,635.3846153846151
3600,76.53846153846155
3610,446.92307692307696
3620,526.1538461538461
3630,658.8461538461536
3640,271.15384615384613
3650,418.84615384615387
3660,682.3076923076922
3670,588.076923076923
3680,390.769230769231
3690,1821.9230769230767
3700,1713.4615384615383
3710,531.1538461538462
3720,451.923076923077
3730,1624.6153846153845
3740,1665.3846153846152
3750,694.6153846153845
3760,406.9230769230769
3770,1869.9999999999995
3780,321.53846153846155
3790,317.3076923076921
3800,820.7692307692308
3810,1800.7692307692307
3820,639.9999999999999
3830,293.8461538461539
3840,488.846153846154
3850,269.2307692307691
3860,693.8461538461536
3870,732.307692307692
3880,351.5384615384615
3890,72.69230769230772
3900,629.9999999999999
3910,279.6153846153846
3920,402.6923076923077
3930,453.8461538461539
3940,436.15384615384625
3950,1600.0
3960,1626.5384615384614
3970,1976.9230769230767
3980,490.3846153846152
3990,353.4615384615384
4000,1607.6923076923076
4010,494.23076923076906
4020,585.3846153846155
4030,478.46153846153845
4040,206.9230769230769
4050,417.69230769230757
4060,1722.6923076923076
4070,592.6923076923073
4080,900.3846153846148
4090,140.76923076923077
4100,349.2307692307693
4110,518.0769230769229
4120,263.46153846153857
4130,627.3076923076922
4140,449.61538461538447
4150,1688.461538461538
4160,149.23076923076923
4170,753.846153846153
4180,716.5384615384612
4190,248.84615384615387
4200,1699.6153846153843
4210,630.7692307692307
4220,1734.6153846153843
4230,532.6923076923077
4240,1625.384615384615
4250,965.7692307692306
4260,1745.7692307692305
4270,588.4615384615383
4280,1741.5384615384614
4290,272.30769230769243
4300,682.3076923076922
4310,1789.230769230769
4320,421.15384615384556
4330,333.07692307692315
4340,1856.9230769230771
4350,619.2307692307693
4360,675.7692307692308
4370,1705.0
4380,599.9999999999993
4390,496.92307692307685
4400,678.4615384615381
4410,309.23076923076934
4420,1678.8461538461538
4430,291.92307692307696
4440,1665.0
4450,514.9999999999999
4460,1713.4615384615386
4470,160.0
4480,105.00000000000001
4490,1994.230769230769
4500,373.8461538461539
4510,264.23076923076934
4520,1684.6153846153843
4530,1846.1538461538462
4540,746.9230769230769
4550,994.9999999999999
4560,620.3846153846152
4570,1712.307692307692
4580,670.7692307692305
4590,200.00000000000014
4600,521.923076923077
4610,587.6923076923077
4620,1973.8461538461538
4630,380.76923076923066
4640,670.3846153846151
4650,286.92307692307696
4660,479.2307692307692
4670,126.53846153846155
4680,389.61538461538476
4690,562.6923076923076
4700,206.53846153846163
4710,360.76923076923083
4720,443.4615384615386
4730,587.3076923076922
4740,536.1538461538461
4750,445.38461538461513
4760,421.5384615384614
4770,886.153846153846
4780,514.2307692307692
4790,216.15384615384642
4800,188.46153846153854
4810,1639.2307692307695
4820,599.9999999999998
4830,340.38461538461524
4840,543.8461538461537
4850,1728.8461538461538
4860,520.0
4870,698.0769230769229
4880,1572.307692307692
4890,724.6153846153844
4900,1575.0
4910,1838.0769230769229
4920,621.153846153846
4930,1628.8461538461538
4940,596.153846153846
4950,484.23076923076906
4960,1763.8461538461534
4970,527.6923076923077
4980,1913.0769230769233
4990,401.1538461538459
5000,530.3846153846154
5010,303.07692307692315
5020,191.15384615384613
5030,1712.6923076923072
5040,1697.307692307692
5050,1716.1538461538462
5060,414.23076923076906
5070,338.84615384615387
5080,1693.8461538461534
5090,1578.4615384615386
5100,164.23076923076925
5110,-11.923076923076914
5120,471.15384615384596
5130,1766.5384615384614
5140,744.6153846153843
5150,163.0769230769231
5160,691.9230769230766
5170,1806.5384615384614
5180,475.7692307692307
5190,1635.3846153846152
5200,399.9999999999999
5210,798.4615384615383
5220,1707.6923076923076
5230,706.9230769230766
5240,1678.8461538461534
5250,1010.3846153846154
5260,812.692307692307
5270,1846.1538461538462
5280,609.6153846153848
5290,1813.0769230769229
5300,236.53846153846158
5310,1613.0769230769229
5320,128.84615384615387
5330,1848.0769230769229
5340,1830.3846153846152
5350,528.4615384615385
5360,418.46153846153834
5370,1781.5384615384614
5380,1776.538461538461
5390,659.6153846153843
5400,1874.9999999999998
5410,777.3076923076918
5420,599.9999999999999
5430,1853.0769230769229
5440,648.0769230769229
5450,386.1538461538462
5460,1829.6153846153843
5470,503.8461538461539
5480,551.5384615384615
5490,1666.9230769230767
5500,572.307692307692
5510,590.3846153846155
5520,704.2307692307693
5530,1787.6923076923074
5540,202.6923076923077
5550,358.07692307692315
5560,1647.307692307692
5570,465.0
5580,658.8461538461537
5590,1834.6153846153845
5600,546.5384615384617
5610,652.3076923076923
5620,1633.076923076923
5630,202.69230769230774
5640,1794.6153846153845
5650,195.38461538461553
5660,1592.6923076923078
5670,-39.61538461538456
5680,494.2307692307691
5690,690.7692307692305
5700,1673.8461538461538
5710,681.9230769230769
5720,432.30769230769226
5730,474.6153846153848
5740,346.923076923077
5750,348.84615384615387
5760,696.9230769230769
5770,623.8461538461535
5780,580.7692307692307
5790,710.7692307692308
5800,914.9999999999998
5810,1462.6923076923076
5820,1830.3846153846152
5830,283.46153846153857
5840,1676.1538461538462
5850,828.4615384615383
5860,786.5384615384611
5870,660.7692307692306
5880,569.9999999999998
5890,1839.230769230769
5900,1796.5384615384614
5910,1556.5384615384614
5920,491.5384615384615
5930,443.46153846153845
5940,1644.230769230769
5950,447.30769230769226
5960,808.8461538461537
5970,446.15384615384613
5980,573.0769230769228
5990,1636.9230769230767
6000,371.5384615384616
6010,285.0
6020,758.0769230769224
6030,516.5384615384615
6040,1635.769230769231
6050,585.3846153846152
6060,913.461538461538
6070,1712.6923076923076
6080,1767.6923076923074
6090,238.8461538461539
6100,1610.3846153846155
6110,661.5384615384614
6120,466.923076923077
6130,1586.5384615384614
6140,730.0000000000002
6150,824.9999999999998
6160,815.7692307692307
6170,709.9999999999999
6180,498.4615384615384
6190,661.5384615384612
6200,1890.7692307692305
6210,1718.0769230769229
6220,480.7692307692308
6230,1185.3846153846148
6240,1774.9999999999995
6250,567.6923076923077
6260,703.8461538461536
6270,295.76923076923083
6280,492.3076923076924
6290,1908.8461538461534
6300,638.4615384615383
6310,635.3846153846154
6320,1704.6153846153848
6330,804.9999999999998
6340,470.38461538461536
6350,789.6153846153846
6360,1674.6153846153848
6370,674.6153846153848
6380,382.30769230769215
6390,533.4615384615383
6400,709.230769230769
6410,359.61538461538447
6420,2023.0769230769224
6430,1714.230769230769
6440,1712.6923076923072
6450,134.23076923076928
6460,496.92307692307696
6470,786.1538461538462
6480,298.07692307692326
6490,568.8461538461534
6500,1672.6923076923076
6510,475.7692307692308
6520,1737.307692307692
6530,423.07692307692304
6540,395.0000000000001
6550,1791.1538461538457
6560,1811.9230769230767
6570,1743.8461538461538
6580,488.84615384615375
6590,1708.461538461538
6600,479.99999999999994
6610,738.8461538461536
6620,492.3076923076923
6630,220.76923076923086
6640,585.7692307692308
6650,417.30769230769226
6660,168.4615384615385
6670,802.3076923076917
6680,401.92307692307696
6690,502.69230769230774
6700,839.6153846153845
6710,1872.3076923076922
6720,531.9230769230769
6730,1919.9999999999998
6740,1517.6923076923074
6750,282.30769230769226
6760,142.30769230769232
6770,301.53846153846155
6780,1660.3846153846155
6790,400.0
6800,1811.538461538461
6810,1664.6153846153843
6820,2062.307692307692
6830,516.5384615384614
6840,545.7692307692307
6850,1757.3076923076924
6860,260.3846153846155
6870,836.1538461538457
6880,286.92307692307696
6890,221.9230769230769
6900,488.076923076923
6910,1758.0769230769229
6920,1564.230769230769
6930,-46.53846153846152
6940,230.00000000000017
6950,512.3076923076922
6960,1749.9999999999995
6970,857.307692307692
6980,916.1538461538461
6990,684.9999999999995
7000,602.3076923076925
7010,1731.9230769230767
7020,745.3846153846152
7030,548.8461538461536
7040,618.8461538461536
7050,1954.2307692307693
7060,696.5384615384615
7070,613.461538461538
7080,1581.5384615384614
7090,745.7692307692304
7100,353.0769230769231
7110,773.8461538461538
7120,1676.1538461538462
7130,1794.6153846153838
7140,723.461538461538
7150,721.1538461538461
7160,1935.3846153846148
7170,502.30769230769187
7180,818.0769230769228
7190,651.5384615384615
7200,1046.538461538461
7210,645.7692307692307
7220,593.8461538461538
7230,644.6153846153845
7240,1795.3846153846152
7250,625.3846153846152
7260,369.6153846153847
7270,1606.538461538461
7280,1652.6923076923076
7290,622.3076923076922
7300,440.38461538461536
7310,876.9230769230769
7320,1773.461538461538
7330,1735.3846153846152
7340,1846.5384615384614
7350,1756.5384615384614
7360,1830.0
7370,1659.9999999999998
7380,1725.3846153846148
7390,1460.7692307692307
7400,1656.1538461538457
7410,817.307692307692
7420,1844.9999999999998
7430,183.07692307692307
7440,1539.2307692307693
7450,340.0
7460,312.69230769230774
7470,505.76923076923083
7480,1739.9999999999995
7490,521.9230769230768
7500,378.84615384615387
7510,708.8461538461536
7520,649.9999999999997
7530,487.69230769230774
7540,822.6923076923075
7550,476.92307692307696
7560,203.4615384615385
7570,551.1538461538462
7580,625.7692307692306
7590,1829.230769230769
7600,673.0769230769226
7610,1749.6153846153848
7620,131.1538461538462
7630,1640.3846153846152
7640,458.46153846153834
7650,539.2307692307692
7660,1766.9230769230767
7670,646.9230769230768
7680,541.9230769230767
7690,553.8461538461535
7700,586.153846153846
7710,315.76923076923055
7720,1487.3076923076924
7730,344.61538461538447
7740,1703.461538461538
7750,357.30769230769226
7760,377.30769230769226
7770,1570.3846153846152
7780,549.6153846153844
7790,1568.0769230769229
7800,1793.0769230769229
7810,1700.7692307692305
7820,539.2307692307693
7830,1669.230769230769
7840,413.076923076923
7850,230.0
7860,1671.1538461538462
7870,590.3846153846149
7880,-30.384615384615373
7890,1697.3076923076924
7900,1809.6153846153845
7910,644.6153846153848
7920,643.0769230769231
7930,312.6923076923076
7940,178.46153846153845
7950,184.23076923076948
7960,1501.5384615384614
7970,-76.53846153846153
7980,320.00000000000006
7990,382.3076923076923
8000,804.6153846153843
8010,618.8461538461539
8020,721.5384615384614
8030,1621.153846153846
8040,738.0769230769225
8050,611.5384615384615
8060,498.46153846153817
8070,364.6153846153846
8080,60.384615384615394
8090,1669.2307692307693
8100,475.76923076923066
8110,530.3846153846154
8120,346.5384615384616
8130,202.30769230769235
8140,1622.3076923076924
8150,476.1538461538462
8160,866.5384615384613
8170,479.99999999999983
8180,382.3076923076923
8190,1706.1538461538457
8200,83.84615384615384
8210,1292.3076923076924
8220,1626.9230769230771
8230,351.92307692307696
8240,525.3846153846152
8250,674.2307692307692
8260,404.6153846153843
8270,1680.0
8280,1604.2307692307693
8290,1795.7692307692305
8300,443.07692307692315
8310,479.61538461538464
8320,447.3076923076924
8330,494.99999999999994
8340,684.230769230769
8350,250.38461538461544
8360,731.1538461538457
8370,297.6923076923076
8380,165.38461538461544
8390,533.8461538461537
8400,1777.6923076923076
8410,336.53846153846155
8420,1719.9999999999995
8430,611.1538461538461
8440,1636.5384615384614
8450,501.5384615384613
8460,274.99999999999983
8470,395.00000000000006
8480,231.53846153846155
8490,754.230769230769
8500,131.92307692307693
8510,547.3076923076922
8520,531.5384615384615
8530,1706.5384615384612
8540,387.3076923076921
8550,282.3076923076924
8560,1739.2307692307693
8570,536.153846153846
8580,766.9230769230766
8590,511.53846153846155
8600,1779.6153846153843
8610,398.8461538461539
8620,1739.230769230769
8630,1761.5384615384617
8640,412.3076923076922
8650,749.9999999999997
8660,616.5384615384613
8670,634.6153846153843
8680,878.4615384615383
8690,1720.3846153846152
8700,548.8461538461537
8710,1016.5384615384611
8720,1727.3076923076924
8730,472.69230769230785
8740,1796.9230769230765
8750,366.92307692307696
8760,243.4615384615386
8770,634.6153846153846
8780,298.8461538461538
8790,640.0
8800,901.5384615384617
8810,322.3076923076923
8820,790.7692307692303
8830,775.3846153846152
8840,539.9999999999995
8850,381.53846153846166
8860,1659.230769230769
8870,601.9230769230769
8880,700.3846153846151
8890,629.2307692307692
8900,604.2307692307693
8910,1656.5384615384614
8920,483.0769230769231
8930,528.4615384615382
8940,1717.6923076923076
8950,1676.5384615384614
8960,535.3846153846151
8970,89.61538461538461
8980,427.6923076923078
8990,481.1538461538461
9000,211.92307692307702
9010,1839.6153846153843
9020,1540.3846153846152
9030,205.3846153846155
9040,382.69230769230774
9050,629.2307692307689
9060,688.4615384615383
9070,2040.7692307692303
9080,1732.3076923076922
9090,557.3076923076919
9100,431.15384615384625
9110,782.6923076923073
9120,1844.230769230769
9130,618.0769230769231
9140,619.6153846153845
9150,1697.6923076923072
9160,285.7692307692308
9170,507.6923076923076
9180,1498.8461538461538
9190,418.46153846153845
9200,453.46153846153845
9210,1736.9230769230767
9220,573.4615384615382
9230,309.2307692307693
9240,1632.6923076923076
9250,1768.4615384615383
9260,438.0769230769229
9270,1743.0769230769229
9280,396.9230769230769
9290,560.3846153846155
9300,1741.923076923077
9310,1570.3846153846152
9320,438.8461538461535
9330,346.5384615384614
9340,949.2307692307689
9350,1833.4615384615386
9360,358.0769230769231
9370,1693.8461538461538
9380,355.3846153846154
9390,1728.0769230769229
9400,319.6153846153845
9410,507.6923076923075
9420,369.99999999999955
9430,155.0
9440,1857.307692307692
9450,1813.0769230769229
9460,776.5384615384612
9470,421.53846153846143
9480,1655.7692307692305
9490,693.0769230769231
9500,1763.8461538461536
9510,1897.6923076923078
9520,316.53846153846155
9530,1589.6153846153848
9540,1900.3846153846152
9550,646.5384615384612
9560,2052.307692307692
9570,1671.923076923077
9580,1764.6153846153843
9590,1722.3076923076924
9600,1803.8461538461536
9610,355.38461538461536
9620,813.8461538461538
9630,341.53846153846166
9640,1769.6153846153843
9650,736.1538461538462
9660,623.4615384615381
9670,1706.5384615384614
9680,552.3076923076919
9690,689.2307692307694
9700,1783.4615384615386
9710,-29.999999999999957
9720,76.15384615384617
9730,478.46153846153845
9740,535.3846153846154
9750,493.46153846153845
9760,359.2307692307692
9770,558.076923076923
9780,1565.7692307692307
9790,215.38461538461542
9800,1654.2307692307686
9810,1755.3846153846155
9820,492.6923076923075
9830,689.6153846153845
9840,549.2307692307689
9850,1798.8461538461538
9860,1671.5384615384612
9870,1717.6923076923076
9880,671.1538461538457
9890,412.6923076923076
9900,559.2307692307692
9910,293.4615384615386
9920,1727.692307692308
9930,1668.0769230769229
9940,429.6153846153846
9950,1753.8461538461538
9960,223.07692307692312
9970,1780.3846153846152
9980,1648.8461538461536
9990,1672.6923076923076
10000,670.3846153846152
10010,1477.6923076923076
10020,522.3076923076923
10030,1752.3076923076924
10040,1565.7692307692307
10050,1557.6923076923076
10060,503.0769230769227
10070,466.92307692307696
10080,720.384615384615
10090,1640.3846153846152
10100,1807.6923076923076
10110,1860.3846153846152
10120,1871.153846153846
10130,1519.6153846153848
10140,654.9999999999998
10150,1753.8461538461538
10160,495.0
10170,483.8461538461539
10180,1642.6923076923076
10190,291.53846153846155
10200,738.8461538461539
10210,1765.3846153846152
10220,1821.153846153846
10230,506.92307692307685
10240,739.2307692307693
10250,1769.6153846153843
10260,1725.3846153846152
10270,650.0
10280,442.6923076923077
10290,1845.384615384615
10300,1981.1538461538457
10310,1782.6923076923072
10320,1692.3076923076924
10330,595.7692307692305
10340,373.8461538461538
10350,359.6153846153846
10360,731.1538461538461
10370,696.923076923077
10380,598.8461538461538
10390,378.84615384615387
10400,740.7692307692307
10410,565.7692307692307
10420,451.53846153846143
10430,728.0769230769229
10440,1812.3076923076922
10450,615.7692307692306
10460,1647.6923076923076
10470,816.9230769230766
10480,483.8461538461539
10490,138.07692307692312
10500,580.7692307692306
10510,837.3076923076918
10520,1790.7692307692305
10530,1732.3076923076924
10540,233.46153846153854
10550,381.92307692307685
10560,451.153846153846
10570,150.76923076923086
10580,838.4615384615383
10590,1660.7692307692305
10600,-40.76923076923073
10610,472.3076923076922
10620,562.6923076923078
10630,1628.0769230769229
10640,480.7692307692306
10650,369.6153846153846
10660,1518.4615384615386
10670,1830.769230769231
10680,1683.4615384615383
10690,1683.8461538461538
10700,974.615384615384
10710,422.6923076923078
10720,1571.9230769230767
10730,443.0769230769232
10740,1765.3846153846152
10750,527.307692307692
10760,649.230769230769
10770,715.0000000000001
10780,773.0769230769231
10790,1755.0
10800,1569.2307692307695
10810,613.4615384615383
10820,1588.4615384615386
10830,1771.9230769230767
10840,392.30769230769226
10850,346.1538461538461
10860,463.4615384615383
10870,596.5384615384615
10880,1765.3846153846152
10890,1556.923076923077
10900,714.2307692307692
10910,1698.4615384615383
10920,154.6153846153846
10930,193.46153846153857
10940,1836.1538461538462
10950,418.076923076923
10960,380.7692307692308
10970,202.69230769230776
10980,-65.38461538461536
10990,1717.6923076923076
11000,636.923076923077
11010,665.0
11020,423.4615384615385
11030,1743.4615384615383
11040,556.153846153846
11050,630.3846153846156
11060,578.4615384615385
11070,300.7692307692308
11080,536.1538461538462
11090,578.0769230769231
11100,598.0769230769226
11110,381.15384615384613
11120,514.9999999999998
11130,484.9999999999999
11140,530.7692307692303
11150,653.4615384615385
11160,573.4615384615386
11170,754.9999999999999
11180,1596.1538461538462
11190,1520.3846153846157
11200,213.8461538461539
11210,305.7692307692308
11220,474.2307692307694
11230,669.9999999999995
11240,191.53846153846158
11250,288.4615384615385
11260,668.8461538461539
11270,484.6153846153843
11280,799.6153846153846
11290,663.0769230769226
11300,474.2307692307693
11310,1781.9230769230767
11320,1636.9230769230767
11330,312.69230769230774
11340,471.92307692307674
11350,1829.230769230769
11360,986.9230769230772
11370,560.3846153846155
11380,843.4615384615386
11390,1969.6153846153843
11400,668.4615384615383
11410,894.9999999999997
11420,216.92307692307696
11430,933.076923076923
11440,541.153846153846
11450,223.46153846153848
11460,509.99999999999983
11470,423.4615384615384
11480,1707.3076923076924
11490,667.3076923076922
11500,736.1538461538461
11510,426.923076923077
11520,1700.0
11530,72.30769230769232
11540,225.00000000000003
11550,436.1538461538462
11560,650.3846153846154
11570,358.8461538461539
11580,473.0769230769231
11590,1778.8461538461534
11600,333.0769230769231
11610,1795.7692307692307
11620,550.384615384615
11630,237.6923076923078
11640,691.5384615384615
11650,310.76923076923083
11660,441.9230769230769
11670,651.5384615384615
11680,484.9999999999999
11690,1575.7692307692305
11700,666.9230769230767
11710,1818.076923076923
11720,1601.1538461538462
11730,563.4615384615385
11740,589.2307692307688
11750,1896.1538461538457
11760,1852.3076923076924
11770,527.6923076923076
11780,1892.307692307692
11790,1757.307692307692
11800,1805.7692307692305
11810,549.2307692307692
11820,448.84615384615387
11830,807.3076923076922
11840,382.3076923076924
11850,321.92307692307696
11860,2001.9230769230762
11870,415.3846153846155
11880,584.9999999999999
11890,710.7692307692307
11900,276.9230769230768
11910,1735.3846153846152
11920,618.4615384615383
11930,100.00000000000001
11940,94.61538461538461
11950,1765.3846153846152
11960,1721.1538461538462
11970,1768.0769230769229
11980,297.6923076923076
11990,1752.6923076923076
12000,628.0769230769231
12010,525.7692307692307
12020,1856.9230769230767
12030,1653.076923076923
12040,1828.461538461538
12050,278.46153846153857
12060,554.6153846153848
12070,643.4615384615381
12080,855.3846153846151
12090,734.9999999999999
12100,1579.6153846153845
12110,1750.769230769231
12120,673.4615384615382
12130,385.00000000000006
12140,432.30769230769226
12150,21.923076923076927
12160,625.3846153846152
12170,703.4615384615383
12180,1743.8461538461534
12190,1643.0769230769229
12200,1656.9230769230767
12210,1558.0769230769229
12220,443.4615384615384
12230,1672.3076923076924
12240,126.92307692307699
12250,510.76923076923083
12260,643.4615384615386
12270,1722.6923076923076
12280,426.5384615384615
12290,283.46153846153845
12300,429.2307692307693
12310,425.7692307692308
12320,1607.307692307692
12330,327.69230769230774
12340,384.6153846153845
12350,523.8461538461538
12360,42.307692307692356
12370,188.84615384615392
12380,616.1538461538462
12390,746.1538461538463
12400,536.153846153846
12410,445.384615384615
12420,1706.1538461538462
12430,504.6153846153845
12440,1626.1538461538462
12450,323.4615384615385
12460,494.23076923076917
12470,568.8461538461538
12480,1723.0769230769229
12490,1580.7692307692305
12500,613.0769230769231
12510,1709.230769230769
12520,492.6923076923075
12530,508.46153846153845
12540,158.4615384615385
12550,1638.0769230769229
12560,547.6923076923077
12570,1607.6923076923072
12580,245.76923076923086
12590,621.9230769230769
12600,663.4615384615385
12610,608.0769230769226
12620,1788.0769230769229
12630,324.2307692307693
12640,1809.230769230769
12650,434.6153846153846
12660,1558.0769230769233
12670,398.0769230769229
12680,490.00000000000006
12690,1579.6153846153848
12700,1725.7692307692305
12710,1426.9230769230767
12720,529.2307692307688
12730,242.69230769230776
12740,1715.7692307692305
12750,416.1538461538461
12760,1575.3846153846152
12770,633.4615384615382
12780,220.3846153846154
12790,525.3846153846155
12800,695.7692307692305
12810,90.38461538461543
12820,272.69230769230774
12830,1763.0769230769229
12840,420.0
12850,1445.3846153846152
12860,415.76923076923066
12870,308.0769230769232
12880,449.61538461538464
12890,1558.0769230769229
12900,356.15384615384613
12910,337.6923076923077
12920,417.69230769230785
12930,296.92307692307685
12940,411.53846153846143
12950,1652.6923076923076
12960,683.4615384615385
12970,609.6153846153846
12980,749.6153846153845
12990,633.8461538461535
13000,1728.8461538461538
13010,446.92307692307696
13020,34.23076923076923
13030,2132.3076923076924
13040,1736.923076923077
13050,1645.3846153846152
13060,1687.3076923076924
13070,447.6923076923076
13080,1738.4615384615383
13090,543.076923076923
13100,648.0769230769231
13110,1599.6153846153848
13120,454.99999999999994
13130,1909.230769230769
13140,105.0
13150,449.2307692307693
13160,1544.230769230769
13170,1953.461538461538
13180,1788.461538461538
13190,724.9999999999998
13200,751.1538461538458
13210,154.23076923076925
13220,1699.2307692307693
13230,550.0
13240,463.0769230769227
13250,742.3076923076922
13260,546.5384615384614
13270,1772.307692307692
13280,627.3076923076919
13290,443.46153846153845
13300,1613.0769230769229
13310,598.8461538461538
13320,388.84615384615387
13330,670.3846153846154
13340,1880.769230769231
13350,1733.0769230769229
13360,531.5384615384615
13370,385.76923076923083
13380,1671.1538461538462
13390,782.307692307692
13400,518.8461538461538
13410,1753.0769230769226
13420,840.3846153846144
13430,1583.4615384615386
13440,779.2307692307688
13450,1819.230769230769
13460,500.3846153846154
13470,261.5384615384616
13480,436.5384615384615
13490,604.9999999999998
13500,374.61538461538464
13510,1610.0
13520,1731.153846153846
13530,558.8461538461538
13540,435.76923076923083
13550,447.6923076923076
13560,367.69230769230774
13570,163.07692307692304
13580,396.15384615384613
13590,1661.923076923077
13600,1324.6153846153848
13610,496.15384615384613
13620,1630.3846153846155
13630,327.3076923076923
13640,351.92307692307696
13650,1704.6153846153845
13660,1727.6923076923076
13670,338.8461538461538
13680,1720.384615384615
13690,1744.230769230769
13700,393.84615384615387
13710,359.2307692307693
13720,155.76923076923083
13730,1843.4615384615383
13740,915.7692307692307
13750,477.6923076923078
13760,1575.0
13770,736.1538461538462
13780,640.7692307692306
13790,1664.230769230769
13800,369.61538461538464
13810,468.07692307692304
13820,722.3076923076924
13830,1804.9999999999998
13840,1649.6153846153848
13850,409.61538461538476
13860,917.3076923076917
13870,1670.3846153846152
13880,1721.9230769230767
13890,172.69230769230782
13900,1813.4615384615386
13910,1769.6153846153838
13920,326.9230769230768
13930,560.7692307692307
13940,210.0
13950,1688.8461538461534
13960,764.9999999999998
13970,719.6153846153844
13980,1901.5384615384612
13990,1829.9999999999995
14000,337.3076923076924
14010,1605.0
14020,284.6153846153847
14030,564.6153846153845
14040,446.1538461538462
14050,192.69230769230776
14060,470.3846153846155
14070,121.923076923077
14080,417.69230769230757
14090,855.3846153846154
14100,416.9230769230768
14110,1599.6153846153845
14120,423.0769230769229
14130,469.61538461538464
14140,1825.3846153846152
14150,303.8461538461538
14160,252.30769230769238
14170,810.3846153846152
14180,642.6923076923075
14190,1799.9999999999995
14200,1893.461538461538
14210,581.9230769230768
14220,1959.230769230769
14230,898.8461538461535
14240,1628.4615384615386
14250,745.7692307692306
14260,308.076923076923
14270,1884.9999999999995
14280,385.0
14290,2043.8461538461536
14300,1702.3076923076924
14310,1646.923076923077
14320,388.84615384615375
14330,609.2307692307694
14340,756.1538461538461
14350,563.8461538461537
14360,538.0769230769229
14370,151.1538461538462
14380,353.84615384615364
14390,486.5384615384614
14400,1653.8461538461538
14410,369.6153846153846
14420,1516.9230769230767
14430,1624.6153846153845
14440,1469.2307692307693
14450,1797.6923076923076
14460,358.8461538461538
14470,486.5384615384614
14480,1618.8461538461536
14490,848.8461538461536
14500,1784.230769230769
14510,1561.923076923077
14520,1796.5384615384614
14530,1623.8461538461538
14540,1740.7692307692307
14550,432.69230769230774
14560,453.4615384615384
14570,1742.3076923076924
14580,1641.1538461538462
14590,1758.0769230769224
14600,1717.6923076923076
14610,700.7692307692306
14620,371.153846153846
14630,668.076923076923
14640,45.7692307692308
14650,713.4615384615386
14660,503.0769230769229
14670,318.46153846153845
14680,126.92307692307693
14690,446.9230769230769
14700,751.1538461538458
14710,71.53846153846155
14720,1590.3846153846157
14730,1624.230769230769
14740,383.84615384615387
14750,1785.769230769231
14760,359.2307692307692
14770,1798.8461538461538
14780,1859.6153846153848
14790,1458.8461538461538
14800,370.38461538461513
14810,1614.230769230769
14820,1804.6153846153843
14830,674.2307692307687
14840,414.6153846153846
14850,340.38461538461536
14860,507.69230769230774
14870,483.0769230769231
14880,702.6923076923076
14890,369.61538461538447
14900,605.7692307692305
14910,580.0000000000001
14920,1765.3846153846152
14930,1780.0
14940,236.92307692307696
14950,1845.7692307692305
14960,716.5384615384612
14970,538.076923076923
14980,1661.153846153846
14990,866.5384615384615
15000,647.307692307692
15010,783.076923076923
15020,414.6153846153844
15030,235.76923076923083
15040,355.3846153846155
15050,724.6153846153845
15060,559.6153846153846
15070,304.61538461538464
15080,1736.5384615384614
15090,1529.6153846153845
15100,444.2307692307692
15110,1667.3076923076924
15120,401.5384615384616
15130,337.6923076923076
15140,1856.5384615384614
15150,717.6923076923075
15160,232.6923076923078
15170,608.4615384615381
15180,1600.3846153846152
15190,1496.9230769230771
15200,1687.6923076923072
15210,704.2307692307694
15220,1625.3846153846152
15230,230.0000000000001
15240,1704.230769230769
15250,587.6923076923076
15260,158.8461538461539
15270,712.6923076923074
15280,828.8461538461536
15290,1649.6153846153848
15300,584.6153846153846
15310,720.3846153846149
15320,640.7692307692306
15330,1613.4615384615383
15340,1877.6923076923072
15350,273.07692307692304
15360,476.5384615384615
15370,507.6923076923075
15380,2046.9230769230771
15390,258.4615384615385
15400,1711.5384615384614
15410,773.461538461538
15420,551.9230769230769
15430,723.4615384615383
15440,449.6153846153846
15450,576.538461538461
15460,495.00000000000006
15470,613.0769230769228
15480,819.9999999999994
15490,563.8461538461535
15500,586.9230769230769
15510,757.307692307692
15520,475.7692307692306
15530,557.6923076923075
15540,1743.8461538461536
15550,148.4615384615385
15560,836.5384615384612
15570,1625.0
15580,422.3076923076925
15590,535.0
15600,283.4615384615385
15610,1646.153846153846
15620,312.69230769230774
15630,2000.3846153846155
15640,395.7692307692307
15650,1694.2307692307693
15660,736.5384615384613
15670,887.6923076923072
15680,721.5384615384609
15690,374.99999999999994
15700,623.4615384615383
15710,473.46153846153834
15720,553.0769230769231
15730,488.46153846153845
15740,574.6153846153843
15750,862.3076923076919
15760,1719.6153846153845
15770,1818.0769230769229
15780,484.9999999999999
15790,414.99999999999994
15800,609.6153846153849
15810,264.2307692307692
15820,519.9999999999998
15830,1655.3846153846152
15840,1533.0769230769229
15850,789.6153846153845
15860,1861.1538461538457
15870,575.7692307692306
15880,487.3076923076921
15890,45.769230769230774
15900,474.6153846153845
15910,653.4615384615386
15920,525.3846153846155
15930,229.61538461538473
15940,391.5384615384613
15950,1844.9999999999998
15960,1708.8461538461538
15970,1666.9230769230767
15980,782.3076923076922
15990,1772.6923076923076
16000,375.76923076923083
16010,163.46153846153854
16020,256.1538461538462
16030,366.53846153846155
16040,346.5384615384616
16050,725.7692307692304
16060,53.076923076923066
16070,335.3846153846154
16080,1646.9230769230767
16090,692.6923076923075
16100,209.23076923076934
16110,1769.230769230769
16120,706.9230769230768
16130,321.92307692307713
16140,636.9230769230768
16150,1756.9230769230767
16160,140.38461538461542
16170,457.6923076923075
16180,466.5384615384614
16190,616.5384615384612
16200,1684.6153846153843
16210,514.9999999999999
16220,448.07692307692315
16230,765.7692307692305
16240,1618.8461538461538
16250,394.99999999999994
16260,400.76923076923083
16270,1606.923076923077
16280,286.9230769230771
16290,480.38461538461524
16300,372.3076923076923
16310,372.69230769230774
16320,1760.384615384615
16330,1618.076923076923
16340,1651.5384615384614
16350,-101.15384615384615
16360,1801.153846153846
16370,1621.1538461538462
16380,1744.6153846153843
16390,366.9230769230769
16400,1887.6923076923076
16410,543.8461538461536
16420,158.84615384615395
16430,75.3846153846154
16440,288.8461538461538
16450,551.9230769230768
16460,210.0000000000001
16470,1847.3076923076924
16480,451.923076923077
16490,504.99999999999994
16500,363.8461538461539
16510,429.9999999999999
16520,1832.3076923076915
16530,1915.0
16540,752.6923076923076
16550,660.7692307692306
16560,575.7692307692308
16570,373.46153846153845
16580,374.99999999999994
16590,1494.230769230769
16600,1849.6153846153843
16610,430.7692307692308
16620,746.5384615384614
16630,793.8461538461535
16640,528.8461538461539
16650,719.2307692307689
16660,1784.230769230769
16670,1956.9230769230767
16680,400.76923076923083
16690,811.5384615384614
16700,526.1538461538462
16710,617.3076923076923
16720,277.6923076923078
16730,523.8461538461537
16740,517.3076923076922
16750,645.3846153846152
16760,616.1538461538461
16770,1830.3846153846152
16780,373.8461538461538
16790,776.538461538461
16800,470.76923076923066
16810,1737.6923076923076
16820,1794.230769230769
16830,1823.0769230769229
16840,649.6153846153846
16850,676.1538461538456
16860,376.53846153846155
16870,1735.3846153846152
16880,456.53846153846155
16890,1593.4615384615383
16900,819.9999999999994
16910,109.61538461538464
16920,659.9999999999998
16930,525.7692307692307
16940,1778.461538461538
16950,549.9999999999999
16960,791.5384615384611
16970,589.2307692307693
16980,305.3846153846154
16990,676.9230769230768
17000,1611.5384615384614
17010,398.84615384615387
17020,381.9230769230766
17030,401.15384615384613
17040,485.7692307692306
17050,892.307692307692
17060,1692.3076923076922
17070,528.0769230769231
17080,408.846153846154
17090,1720.7692307692305
17100,554.2307692307689
17110,398.0769230769232
17120,1629.6153846153843
17130,699.9999999999999
17140,666.1538461538458
17150,631.153846153846
17160,633.8461538461536
17170,776.1538461538463
17180,390.7692307692308
17190,1544.2307692307693
17200,820.3846153846151
17210,1593.4615384615383
17220,163.84615384615384
17230,1944.2307692307688
17240,484.2307692307689
17250,530.7692307692306
17260,1731.9230769230767
17270,583.4615384615386
17280,472.3076923076922
17290,1997.307692307692
17300,539.2307692307689
17310,544.6153846153846
17320,1762.6923076923076
17330,1615.0
17340,118.84615384615391
17350,376.15384615384625
17360,1700.7692307692305
17370,1693.8461538461538
17380,51.15384615384617
17390,348.07692307692304
17400,1699.2307692307693
17410,1781.5384615384614
17420,238.46153846153848
17430,101.15384615384617
17440,330.3846153846155
17450,590.3846153846152
17460,1700.0
17470,389.61538461538464
17480,81.15384615384616
17490,273.8461538461539
17500,1636.9230769230767
17510,413.8461538461538
17520,687.6923076923075
17530,697.6923076923077
17540,1721.9230769230767
17550,1619.230769230769
17560,1473.4615384615386
17570,565.0000000000001
17580,1779.6153846153843
17590,1549.6153846153843
17600,1738.8461538461538
17610,245.0000000000001
17620,596.153846153846
17630,375.38461538461536
17640,1809.9999999999995
17650,776.9230769230768
17660,1678.8461538461538
17670,811.538461538461
17680,415.7692307692308
17690,463.076923076923
17700,619.9999999999998
17710,1609.615384615384
17720,1490.3846153846155
17730,652.3076923076922
17740,370.76923076923083
17750,1765.769230769231
17760,360.0000000000001
17770,889.230769230769
17780,805.7692307692305
17790,1785.0
17800,1815.3846153846152
17810,1899.6153846153843
17820,738.8461538461536
17830,490.3846153846153
17840,789.9999999999997
17850,849.2307692307687
17860,649.2307692307692
17870,478.4615384615384
17880,1928.8461538461538
17890,540.7692307692307
17900,1766.9230769230767
17910,379.2307692307692
17920,1777.6923076923072
17930,321.53846153846155
17940,644.2307692307692
17950,1765.3846153846152
17960,1759.230769230769
17970,654.9999999999997
17980,651.9230769230768
17990,1895.7692307692305
18000,1572.6923076923076
18010,1954.2307692307693
18020,454.6153846153845
18030,481.15384615384625
18040,392.6923076923077
18050,508.8461538461537
18060,415.38461538461536
18070,1673.8461538461538
18080,243.4615384615385
18090,563.4615384615386
18100,495.38461538461536
18110,445.0
18120,901.1538461538461
18130,671.9230769230769
18140,141.53846153846152
18150,1704.6153846153845
18160,822.307692307692
18170,1647.3076923076924
18180,1778.4615384615377
18190,1681.5384615384614
18200,654.9999999999999
18210,657.3076923076922
18220,496.53846153846143
18230,1686.153846153846
18240,1908.8461538461538
18250,325.76923076923083
18260,211.5384615384616
18270,664.6153846153844
18280,238.07692307692324
18290,452.6923076923075
18300,761.5384615384613
18310,474.2307692307692
18320,467.6923076923077
18330,515.7692307692307
18340,346.9230769230769
18350,417.30769230769215
18360,719.6153846153844
18370,1603.8461538461536
18380,1782.307692307692
18390,1686.1538461538462
18400,474.2307692307692
18410,1602.3076923076924
18420,595.3846153846154
18430,85.76923076923083
18440,679.6153846153845
18450,458.0769230769231
18460,-55.0
18470,333.4615384615385
18480,1866.5384615384617
18490,1816.1538461538462
18500,350.0
18510,1710.0
18520,915.7692307692305
18530,369.2307692307693
18540,1678.4615384615386
18550,251.15384615384622
18560,6.153846153846139
18570,596.1538461538462
18580,795.3846153846151
18590,1720.0
18600,417.6923076923077
18610,545.0
18620,1666.5384615384614
18630,653.4615384615383
18640,515.7692307692307
18650,459.23076923076917
18660,1071.9230769230762
18670,369.23076923076917
18680,692.6923076923072
18690,257.69230769230774
18700,1603.0769230769224
18710,1873.4615384615383
18720,1799.9999999999998
18730,414.99999999999983
18740,1685.769230769231
18750,625.3846153846154
18760,1713.461538461538
18770,570.3846153846154
18780,723.4615384615381
18790,653.8461538461536
18800,665.384615384615
18810,1861.153846153846
18820,1938.8461538461534
18830,666.9230769230768
18840,769.2307692307689
18850,1586.5384615384614
18860,400.76923076923083
18870,1837.6923076923076
18880,1770.0
18890,514.6153846153846
18900,1706.5384615384614
18910,1848.8461538461536
18920,669.2307692307693
18930,480.76923076923066
18940,1775.0
18950,38.846153846153875
18960,1665.0
18970,637.6923076923076
18980,482.69230769230774
18990,217.30769230769243
19000,686.153846153846
19010,1735.3846153846152
19020,666.9230769230767
19030,1725.3846153846152
19040,654.230769230769
19050,1733.461538461538
19060,1711.1538461538457
19070,1723.076923076923
19080,338.84615384615387
19090,765.3846153846151
19100,548.4615384615385
19110,523.8461538461539
19120,1569.6153846153845
19130,1817.6923076923076
19140,432.3076923076923
19150,1715.3846153846152
19160,51.92307692307692
19170,368.8461538461539
19180,1711.5384615384614
19190,681.1538461538461
19200,1468.8461538461538
19210,1675.0
19220,1535.0
19230,511.92307692307696
19240,209.23076923076934
19250,110.38461538461547
19260,1665.769230769231
19270,180.3846153846154
19280,1550.7692307692305
19290,650.3846153846152
19300,1789.6153846153848
19310,290.7692307692309
19320,1717.3076923076922
19330,621.1538461538462
19340,427.6923076923077
19350,1826.9230769230765
19360,359.2307692307691
19370,1762.6923076923074
19380,105.76923076923079
19390,1611.5384615384614
19400,564.9999999999997
19410,122.69230769230771
19420,641.1538461538462
19430,536.1538461538462
19440,620.7692307692306
19450,475.38461538461536
19460,1773.8461538461536
19470,634.6153846153844
19480,1099.2307692307688
19490,750.0000000000001
19500,309.6153846153845
19510,1730.3846153846152
19520,509.9999999999999
19530,355.38461538461536
19540,868.076923076923
19550,765.3846153846152
19560,1723.4615384615386
19570,1861.5384615384614
19580,736.5384615384614
19590,1761.1538461538457
19600,1771.153846153846
19610,273.0769230769232
19620,414.2307692307692
19630,878.0769230769228
19640,1607.3076923076924
19650,1745.769230769231
19660,1964.9999999999998
19670,837.3076923076922
19680,1691.1538461538457
19690,616.5384615384615
19700,1826.1538461538462
19710,1689.2307692307693
19720,1691.153846153846
19730,1905.0
19740,1900.7692307692305
19750,1602.6923076923074
19760,1604.230769230769
19770,683.8461538461535
19780,467.6923076923078
19790,692.307692307692
19800,1605.7692307692307
19810,1769.9999999999998
19820,544.6153846153842
19830,704.9999999999998
19840,376.153846153846
19850,254.61538461538464
19860,613.8461538461538
19870,1604.2307692307688
19880,588.076923076923
19890,1768.0769230769229
19900,1600.769230769231
19910,449.23076923076917
19920,326.92307692307685
19930,1569.6153846153848
19940,736.5384615384617
19950,438.46153846153845
19960,1829.6153846153845
19970,1686.923076923077
19980,1840.3846153846152
19990,989.9999999999997
